origin;destination;number
36160010;36160002;10.0
30001213;30001143;10.0
30001031;30000915;20.0
37800005;30002811;20.0
30000113;30000822;10.0
30002312;30001314;10.0
30001213;30001146;10.0
36160009;30002311;10.0
30001034;30001643;10.0
30000932;30000923;10.0
30000848;30001034;10.0
30002811;30001114;10.0
30000934;30001114;10.0
30001123;30001124;10.0
30000123;30002211;10.0
1270001;other;110.0
30000932;30000924;10.0
30001333;other;10.0
30002412;30000931;10.0
30001216;30000934;10.0
30002412;10150006;10.0
30001641;30000924;20.0
30001633;other;340.0
30000914;other;350.0
30000923;30002711;10.0
30002612;30002811;60.0
10150004;30002212;10.0
30001336;30001146;10.0
30000932;30000912;30.0
30000923;30000532;10.0
30001221;30001012;10.0
30001032;10560001;20.0
30002412;30000924;20.0
30001221;30001014;10.0
30000412;30000924;10.0
30001121;30000924;10.0
30002512;30001015;10.0
30001216;30000924;10.0
30000911;30002911;10.0
37800004;37800005;10.0
37800004;37800006;20.0
30001632;30000533;10.0
30000841;37970009;10.0
30001354;other;420.0
37800008;30001345;10.0
30001213;30001122;10.0
37970009;30002111;40.0
7420001;7400001;10.0
26100014;30000924;20.0
36160002;30000812;10.0
12000014;other;180.0
30000931;30000848;10.0
30001034;30001622;10.0
30000923;30000542;10.0
30002411;30000412;10.0
30002212;1270001;10.0
30000931;30000841;30.0
30002411;30000411;10.0
30002412;30000914;10.0
30001345;30002412;10.0
30000412;30000914;10.0
30001221;30001021;10.0
30000512;30001021;10.0
30001352;30001345;10.0
30001214;30001215;10.0
30000543;30000821;20.0
7790001;other;240.0
30000543;30000831;10.0
30000411;30000425;10.0
30000411;30000426;30.0
30002411;30000425;20.0
30002411;30000426;20.0
30002811;30002412;10.0
30000411;30000421;10.0
30001035;30000841;10.0
30000824;30000135;10.0
30001312;30002412;10.0
30000543;30000832;10.0
30000832;30000425;10.0
30000832;30000426;10.0
30002112;30002512;30.0
30002112;30002511;10.0
30001032;30001021;10.0
30001032;30001023;10.0
30000856;30001344;10.0
30002611;30002711;40.0
36160005;30002412;10.0
36500001;30001114;10.0
30002611;30000533;10.0
30000931;30000423;10.0
30000931;30000421;40.0
30000411;30000431;20.0
30000931;30000426;60.0
30000411;30000432;20.0
30000411;30002611;10.0
11130001;36160007;10.0
30001334;30000915;10.0
30001631;30002613;10.0
30000832;30000412;10.0
30000832;30000413;10.0
30001122;30001032;10.0
30000822;30000812;10.0
30000543;30000853;10.0
37800004;other;360.0
37300003;10150002;10.0
30000824;30000543;20.0
30000124;30000543;10.0
30001312;other;300.0
30002611;30000543;10.0
30001021;30000412;10.0
30001035;30000822;10.0
30002212;30000812;20.0
30000931;30002612;10.0
30000934;30001146;10.0
30001217;30001023;10.0
26100016;26100013;10.0
30001353;30002312;10.0
30001131;30001014;10.0
30001222;30002412;20.0
30001222;30002411;10.0
30001034;30002512;10.0
30001354;30002811;10.0
30000812;30001223;10.0
30000853;30002412;20.0
30001223;other;90.0
30000848;30001021;10.0
7800001;30000511;20.0
26100013;37970007;10.0
30001335;30001032;10.0
30001625;30001632;10.0
30001625;30001634;10.0
30001337;30001217;10.0
30000812;30001217;10.0
4720001;30001114;10.0
30002812;30001215;10.0
36160002;30000846;10.0
30001337;30001213;10.0
30002312;30002613;10.0
30001013;30002312;10.0
10150005;37800005;10.0
30001211;30000511;10.0
36160002;30000841;10.0
30001124;30001212;10.0
30000835;36160008;10.0
30000133;30000511;10.0
30001143;other;300.0
30000425;30000832;10.0
30000931;30000411;20.0
30000931;30000412;30.0
26100016;26100032;10.0
30000846;other;20.0
30002212;30000835;10.0
30002212;30000836;10.0
30000425;30000836;10.0
30001212;10560001;40.0
36160008;30001345;20.0
30000931;30000413;30.0
other;30002811;10.0
30002212;30000832;30.0
30001134;30000835;10.0
30001131;30001021;10.0
30001344;30001023;10.0
30002711;other;1120.0
30001622;30001321;10.0
30002611;30001021;20.0
30000421;30000924;20.0
30000421;30000923;10.0
30000932;30000521;40.0
30001212;30001011;20.0
30001222;30001142;10.0
30002212;30000846;10.0
30000411;30001322;10.0
30002212;30000841;20.0
30002212;30000842;10.0
30001131;10560001;20.0
30002711;30002812;10.0
36160007;30000856;10.0
30002112;30001223;10.0
30002212;30000848;10.0
30000426;30000914;10.0
30000426;30000915;10.0
30000135;30002412;10.0
12000034;30001021;10.0
30001622;30001313;20.0
30000824;30001035;10.0
30002611;30001032;10.0
30000822;30000853;10.0
30001012;30000914;10.0
30002312;30000853;10.0
30000932;30000512;20.0
30000932;30000511;20.0
36160006;36160007;10.0
30000421;30000915;20.0
30000421;30000914;10.0
30000932;30000515;10.0
30001212;30001024;10.0
30000932;30000514;20.0
30000425;30000853;10.0
30001142;26100037;10.0
30000132;30000848;10.0
30000931;30001322;10.0
30002212;30000853;20.0
30001013;30001031;10.0
30001622;30001345;30.0
30000822;30000863;10.0
30001337;30002111;10.0
30000932;30000543;40.0
30002411;30000812;10.0
30000435;30000411;10.0
30000848;30000122;10.0
30002411;30000811;10.0
30001032;30000116;10.0
30000431;30000923;10.0
36500001;26100031;10.0
30001034;30001221;10.0
30001032;30000111;10.0
30001121;30000511;10.0
other;11370001;20.0
30000914;11370001;10.0
36160009;7400001;10.0
30000136;other;160.0
26100014;12000022;10.0
30001012;other;300.0
30000431;other;80.0
30001013;30001024;10.0
30001122;other;160.0
30002411;30000826;10.0
30000932;30000533;10.0
26100034;other;680.0
30002811;30002811;20.0
30002411;30000824;10.0
30000541;other;110.0
30001024;other;70.0
36160009;30000543;40.0
10150003;30000811;10.0
30001342;other;230.0
30000848;30002311;10.0
30001134;other;150.0
30001034;30001212;10.0
30000912;30000848;10.0
30001141;10560001;20.0
30000432;30002411;40.0
30002311;30001222;10.0
30000432;30002412;10.0
10150005;10150005;10.0
30001141;30002412;10.0
37300002;other;240.0
30001146;30001035;10.0
30000124;30000135;10.0
30000425;30000421;10.0
30000923;other;860.0
30001624;other;470.0
30000124;30000132;10.0
30001146;30001034;10.0
30000425;30000425;10.0
30001353;1270001;10.0
26100024;12000012;10.0
30002111;other;980.0
30002512;30000116;10.0
30000811;30001146;10.0
10150002;30002911;10.0
30001011;30001221;10.0
30002112;30002112;40.0
30002112;30002111;30.0
30001625;30001214;10.0
30001625;30001213;10.0
30000821;36160002;10.0
30000122;30000853;10.0
12000014;12000012;10.0
12000014;12000014;10.0
37970007;other;680.0
30000425;30000412;10.0
30001622;30001352;10.0
30000821;36160007;10.0
12000022;36480001;10.0
30002411;30000842;10.0
30002212;30000412;10.0
30000522;30002811;10.0
30001353;30000533;10.0
30000824;30001021;10.0
30000426;30000932;10.0
30002312;30000842;10.0
10150005;30000511;20.0
30000124;30000114;10.0
30000923;30001034;10.0
30001216;30000511;10.0
30000821;30001146;20.0
30002411;30000853;10.0
30001625;30001222;20.0
30001123;30001147;10.0
30002512;30002312;10.0
30002212;30000425;10.0
30001626;30000864;10.0
30001632;30001033;10.0
30000424;other;110.0
30001353;30000542;10.0
12000014;12000033;10.0
30002312;30000832;10.0
30000862;other;30.0
30001345;other;220.0
30002611;30001013;10.0
30000856;30000863;10.0
30000924;10560001;10.0
30001351;30000822;10.0
30000425;30000432;10.0
30002611;30001016;10.0
30000934;30002412;20.0
30000934;30002411;10.0
37800004;10560001;10.0
12000013;30002111;10.0
30001345;30001114;10.0
30000931;30001345;10.0
30001123;30001134;10.0
30001032;30000543;20.0
36160009;37800004;10.0
36160009;37800005;30.0
30001121;30000542;10.0
37800006;36160005;10.0
30000842;30001343;10.0
30000914;30000924;10.0
37800002;30001641;10.0
30001021;other;150.0
30001115;30000853;10.0
30000135;30002811;10.0
30000511;30000425;10.0
30001011;30002513;10.0
30001351;30001622;10.0
37970009;37970007;10.0
30000421;30000523;10.0
other;30001021;30.0
30000421;30000521;10.0
30001354;30001021;10.0
30000511;30000426;10.0
30000912;30002512;10.0
36160006;36500001;10.0
30002311;30000853;10.0
other;36500001;120.0
30002711;30002412;10.0
30001132;10560001;50.0
30000543;30001222;10.0
36160007;30001322;20.0
30000864;30000824;10.0
36160010;30002412;10.0
30000511;30002612;10.0
30000914;30000912;10.0
36160010;30002411;10.0
30000848;30000513;10.0
30002212;30002511;10.0
30002513;36160007;10.0
other;30001034;10.0
30000511;other;190.0
other;30001035;10.0
other;30001032;10.0
30001342;30001345;10.0
30000421;30000511;10.0
30001352;30000842;10.0
30002311;30000848;10.0
30002212;30002512;20.0
30001352;30000841;20.0
30000433;other;450.0
7800001;30001011;10.0
30000924;30001114;10.0
36160008;30000511;10.0
26100016;other;140.0
30002613;30001212;10.0
30002311;30000841;20.0
30002312;30000924;10.0
30001021;30000924;10.0
30000432;30001021;10.0
30001334;30001023;20.0
30001144;30000811;10.0
30000134;30000124;10.0
10150004;10150005;10.0
30001352;30000812;10.0
30001016;30000425;10.0
30002212;other;800.0
30001313;30001146;10.0
30000924;30002411;10.0
30002311;30000835;10.0
30001141;30001021;10.0
12000021;other;180.0
30001626;other;260.0
30002311;30000832;10.0
26100034;26100034;10.0
30001641;30002312;10.0
30002312;30000914;10.0
30002312;30000912;10.0
30001321;30001021;10.0
30001141;30001013;20.0
30000432;30001015;40.0
30001024;30002512;10.0
30001132;36160008;10.0
12000025;26100014;10.0
37970002;other;470.0
other;30001015;20.0
30001016;30002612;10.0
other;30001013;20.0
30000821;30001114;10.0
30002612;30001141;10.0
30000812;36160009;10.0
30000114;30000543;10.0
30000114;30000542;10.0
30000531;30002412;10.0
26100011;other;30.0
30002412;30001021;10.0
30002612;30001114;40.0
12000034;12000026;10.0
30000412;30001021;20.0
30000134;30000543;10.0
30000848;other;100.0
30000542;30001121;10.0
30000821;30002411;10.0
12000014;30000853;10.0
30001124;30000812;10.0
10150006;11370001;10.0
37800004;11370001;30.0
30000822;other;90.0
26100012;30000832;10.0
30000924;30001146;10.0
26100035;26100014;10.0
30001014;30001143;10.0
30000842;30000543;10.0
30000426;30000426;20.0
10150005;30000924;60.0
30000515;30000426;30.0
30001144;30000842;10.0
26100032;other;1030.0
30000515;30000425;20.0
30001141;30001034;10.0
30000915;30001021;10.0
30001144;30000848;10.0
30002211;30002512;10.0
30002211;30002513;10.0
12000034;26100012;10.0
30001626;30001344;10.0
30000915;30001013;10.0
30002711;30001114;10.0
30000134;30000533;10.0
30001141;30001032;10.0
30000543;other;150.0
30000113;30001321;10.0
26100034;26100015;10.0
30001141;other;250.0
30001311;30000924;10.0
10150005;30000915;10.0
10150005;30000914;40.0
other;30001042;20.0
30001214;30000848;10.0
30000841;30002211;10.0
10150006;30001021;20.0
26100035;26100038;10.0
30000822;30001355;10.0
36160009;30002811;10.0
other;30001043;10.0
30001115;other;230.0
36160007;30000436;10.0
10150006;30001015;10.0
30000511;30000848;10.0
10150005;30000916;10.0
36160007;30002612;10.0
26100032;12000031;10.0
30000132;30000824;10.0
30001624;30001021;10.0
30000511;30000853;20.0
30000421;30000934;80.0
36160009;10150004;20.0
30001035;30001212;10.0
30000932;other;1390.0
30001011;37970010;10.0
30000421;30000931;10.0
30001351;30001632;10.0
30000421;30000932;10.0
30000915;30001035;10.0
30001343;30001336;10.0
37800005;30000112;10.0
26100015;26100036;10.0
30001211;10560001;10.0
36500001;36500001;90.0
30000824;30002811;10.0
30000124;other;140.0
30002211;30001631;10.0
30000123;30002612;10.0
30000853;30002312;10.0
10150002;other;520.0
30000411;30000914;10.0
30001351;30001222;10.0
30001146;30000541;10.0
12000014;30000811;10.0
30001016;30000848;10.0
30001351;30001221;10.0
37800005;37800006;10.0
30000123;30002611;10.0
30002812;26100037;10.0
37800005;37800002;20.0
30000511;30000824;10.0
30001146;11370001;10.0
30000848;30000914;10.0
30001221;10560001;50.0
36500001;30001021;10.0
30002212;30002112;20.0
30000931;30000912;10.0
12000013;37970007;10.0
30002212;30002111;10.0
30001123;30001632;10.0
30000923;10150005;10.0
30000812;30001114;10.0
30002411;30001334;10.0
30001142;30001122;10.0
30002411;other;120.0
30000931;30000911;20.0
12000021;8090001;10.0
other;37800005;70.0
30001312;30001021;10.0
37800006;30002811;10.0
30000841;other;120.0
other;37800002;10.0
30001337;30002911;10.0
30000848;30000924;10.0
30000848;30000923;10.0
30002412;30000511;10.0
30000411;30000932;10.0
30000847;30000832;10.0
30001142;30001114;10.0
30002611;30002811;80.0
30001345;30002811;10.0
30002611;30002812;10.0
30001013;10560001;10.0
12000015;12000033;10.0
37800007;other;320.0
4720001;36160002;10.0
30000125;30000135;10.0
30000853;30001012;10.0
30000531;26100032;10.0
36160008;37800005;20.0
30000848;30000932;20.0
30001333;30001345;10.0
30001336;30002412;20.0
30002513;30001114;10.0
4720001;36160008;40.0
30001021;30000512;10.0
30000853;30001015;10.0
30000513;other;40.0
30001217;30002412;10.0
30001143;30002511;10.0
30000511;30000812;10.0
30002812;30000846;10.0
30002911;30002412;10.0
30001146;other;190.0
30001216;30001023;10.0
30001622;30000832;10.0
30001644;30001215;10.0
30001644;30001217;10.0
30001221;30002412;20.0
37800008;37800006;10.0
12000026;other;170.0
30001222;30001624;10.0
30001211;30001311;10.0
30001212;30000924;10.0
30002311;30000812;20.0
10150002;36160008;10.0
30000512;30002411;10.0
10150006;30000543;10.0
36160005;37800004;10.0
30000832;30000932;10.0
36160005;37800005;10.0
30000853;30001032;10.0
30001021;30000934;20.0
30002811;30001021;10.0
30000832;30000923;10.0
30002811;30001023;20.0
30000853;30001034;10.0
30001016;30000412;10.0
30000114;30000924;10.0
30000853;30001035;10.0
30001021;30000932;10.0
30001022;30001021;10.0
30001214;30002611;10.0
30002312;30001345;10.0
30000122;30002111;10.0
30000122;30002112;10.0
30000932;30001032;10.0
30000831;30000421;10.0
30000831;30000426;10.0
30001625;30000812;10.0
other;30000113;20.0
other;30000112;20.0
30000931;30000924;20.0
26100013;other;440.0
30000533;30002511;10.0
30001034;30002911;10.0
30000421;30000543;20.0
30001342;30000848;30.0
30001342;30000847;10.0
30001311;30000511;10.0
10150004;other;180.0
30000932;30001021;20.0
30001334;30000543;20.0
30001625;30000824;10.0
30000932;30001023;10.0
26100032;30001345;10.0
30001114;30002111;10.0
other;30000125;10.0
30001142;30001147;10.0
30002611;10150005;10.0
other;30000122;10.0
other;30000121;10.0
30001142;30001146;10.0
30000931;30000932;10.0
other;30000116;20.0
30001352;30000863;10.0
30002111;30002411;10.0
30000122;other;150.0
30001321;30000533;10.0
30001024;10560001;20.0
30000911;30000848;10.0
26100013;12000034;10.0
26100024;26100035;10.0
30001132;30001641;10.0
30000541;30002513;10.0
30002411;30000514;10.0
30002411;30000511;10.0
30001221;30001121;20.0
30001035;30002911;10.0
30001132;other;510.0
30000121;other;300.0
30000924;30000931;10.0
30001214;30001312;10.0
30001214;30001313;10.0
30000811;30001221;20.0
30002111;30001214;10.0
30000924;30000934;10.0
30000854;30000824;10.0
30000543;30000924;20.0
30002612;30000512;10.0
30000421;other;570.0
30002612;30000511;30.0
30001014;other;50.0
30002411;30000523;10.0
30001146;30000934;10.0
other;30002911;10.0
30000543;30000934;10.0
30000543;30000932;10.0
30002411;12000014;10.0
30000836;other;70.0
4720001;30001021;60.0
26100023;other;100.0
30002211;30000848;10.0
7400001;26100031;10.0
30002613;30000812;20.0
30002112;37970007;10.0
30000824;30001345;10.0
30001132;30002512;10.0
30001313;30000858;10.0
30002611;30002411;10.0
26100026;30000841;10.0
30002611;30002412;10.0
30002411;30000531;10.0
30001221;30001146;20.0
30000425;30000923;10.0
30000425;30000924;40.0
36500001;30001217;10.0
30001021;30000121;10.0
30000513;30000543;10.0
30001134;30000924;10.0
30002613;30000811;10.0
30001144;30001221;20.0
30000924;30000912;10.0
30000924;30000915;10.0
30000113;other;240.0
4720001;30001032;10.0
30000531;30000915;10.0
30000531;30000914;10.0
30000824;30001337;10.0
30000426;other;130.0
30002211;30000835;10.0
30001313;30000841;10.0
30002411;30000541;10.0
37800006;other;570.0
4720001;8090001;10.0
30000924;30000924;20.0
30000831;other;20.0
10150006;30000511;10.0
other;12000034;10.0
30000933;other;30.0
other;12000033;40.0
30000511;30001034;20.0
other;12000032;20.0
other;12000031;10.0
30001221;other;280.0
30001032;30001142;10.0
30000824;30002612;10.0
30001012;10560001;30.0
30001352;37800004;10.0
30000522;30000924;10.0
30000533;26100026;10.0
36160008;other;360.0
30001016;30000924;10.0
30000421;30001015;40.0
30000421;30001016;10.0
30000421;30001011;10.0
30001211;37970008;10.0
30000832;30000531;10.0
30001032;30001146;30.0
30000832;30002711;10.0
30002312;other;740.0
30000832;30000533;10.0
30002613;30000832;20.0
30001032;30001147;10.0
other;12000026;30.0
other;12000025;20.0
12000041;other;120.0
30002111;30002112;250.0
other;12000041;10.0
37800005;30001633;10.0
30000824;30000421;10.0
37800005;30001632;10.0
30001032;30001132;10.0
30002613;30000848;40.0
12000025;30000511;10.0
30002111;30002111;80.0
other;10150006;20.0
other;10150004;100.0
30000824;30000425;10.0
36500001;30001221;10.0
30001032;36160002;10.0
other;10150005;60.0
30001032;36160003;10.0
30000522;30000913;10.0
30000511;30001043;20.0
other;10150002;80.0
30000924;36160010;10.0
other;10150003;20.0
30002211;other;560.0
30000522;30000916;10.0
other;10150001;10.0
30000523;other;140.0
7410001;7800001;10.0
30000123;30001032;10.0
30000932;10560001;10.0
30000858;30000542;10.0
30001223;30000812;10.0
30001024;30001043;10.0
30001353;30001345;10.0
30000515;other;80.0
30001142;10560001;20.0
30002811;other;580.0
37970002;30000511;10.0
30001021;12000032;10.0
30000123;30001021;20.0
30002412;30000832;10.0
12000011;other;70.0
30000135;30002311;10.0
30002612;30000924;20.0
30002612;30000923;10.0
30000434;other;250.0
other;12000022;10.0
other;12000021;10.0
30000543;30000511;20.0
30001143;30001342;10.0
30000923;30002411;20.0
30000853;30000122;10.0
30000923;30002412;20.0
30001345;30001632;10.0
30001021;12000043;10.0
30000523;30000812;10.0
30000135;30000122;10.0
30001032;30001114;30.0
30001321;30000932;10.0
30000543;30000513;10.0
other;12000015;10.0
other;12000014;20.0
other;12000013;30.0
30001112;30000811;10.0
30001021;30001035;10.0
30002812;30001123;10.0
30002411;30000914;30.0
30000853;30000932;20.0
30000835;30000134;10.0
30000542;30002411;10.0
30002811;30000543;10.0
30002611;30001147;10.0
30002212;26100033;10.0
30000542;30002412;10.0
30001021;30001032;10.0
30000924;30002711;10.0
30000832;30001021;10.0
37800002;other;760.0
30000135;30000114;10.0
37300003;other;410.0
30002112;30001114;10.0
30002312;30002911;10.0
30002811;30000533;20.0
30002811;30002711;10.0
30000857;30001147;10.0
30000422;30000431;10.0
30002811;30000531;10.0
30000924;30000543;20.0
30001121;10560001;20.0
26100037;30000511;20.0
30001641;30002811;10.0
30002112;30001112;10.0
11370001;11370001;10.0
37970003;30002111;10.0
30001223;30001337;10.0
30002112;30002412;10.0
30002812;30001146;10.0
30000425;30000521;10.0
30002411;30000934;10.0
30001034;30001345;40.0
30002411;30000931;10.0
30001044;30001112;10.0
30000114;30000136;10.0
30000114;30000135;30.0
10150003;30000924;20.0
30000114;30000134;20.0
30000522;30000543;30.0
10150006;30000924;30.0
30000924;30000511;10.0
30000114;30000132;10.0
30001034;30001342;10.0
36160009;other;480.0
30001032;30002412;10.0
30002311;30000435;10.0
30002311;30002613;10.0
36160007;30000511;10.0
30001625;30001313;30.0
30000924;other;540.0
30000523;30002112;10.0
30001622;30000123;10.0
30001034;30001337;10.0
30002811;30000511;20.0
30000425;30000511;10.0
30000914;30000853;10.0
30001213;10560001;20.0
30000422;30000411;10.0
37970007;12000032;10.0
37970007;12000034;20.0
10150006;30000914;10.0
4720001;37800006;10.0
10150006;30000915;20.0
30000924;30000521;20.0
37970009;30000432;10.0
37300001;36500001;10.0
30000864;30000914;10.0
30002311;30001345;10.0
30001344;30000924;20.0
30001014;30002513;10.0
30001011;30001345;10.0
4720001;30000511;10.0
30000514;30000425;10.0
30001352;other;350.0
30001313;30000832;10.0
26100027;26100034;10.0
30000422;other;340.0
30001133;other;180.0
30000114;30000116;10.0
30001015;other;370.0
30000832;30000134;10.0
30001213;30001624;10.0
30001631;other;130.0
30000832;30000136;10.0
37970007;12000025;20.0
37970007;12000026;30.0
36160007;10150004;10.0
37800006;30001012;10.0
36160007;10150005;10.0
30001625;30001334;10.0
30000824;30001353;10.0
30000914;30000432;10.0
30000914;30000433;10.0
12000014;37970003;10.0
30000425;30000531;10.0
30000924;37800007;10.0
10150003;30000914;10.0
30001212;30001345;10.0
30001643;30001213;10.0
30002611;30001114;20.0
30002611;30001115;10.0
30001643;30001217;20.0
30002211;30002111;10.0
30002211;30002112;60.0
37970007;12000012;20.0
36500001;30001624;10.0
37970007;12000013;10.0
30001336;30000812;10.0
30002512;30001336;10.0
30000425;other;180.0
30001144;10560001;10.0
30001632;30001146;10.0
37970007;12000014;10.0
30000135;30000543;10.0
30000821;30001021;10.0
30001625;30001345;10.0
30001622;30001024;10.0
30000914;30000426;20.0
30001141;30001221;10.0
26100014;30000847;10.0
37300004;other;630.0
30002612;30000522;10.0
30000914;30000421;20.0
30000853;30000511;10.0
30001133;30001043;10.0
36160006;30002412;10.0
30001622;30001021;10.0
30001122;30000924;10.0
30001643;30002512;10.0
7790001;30001124;10.0
30000411;30002112;10.0
30001123;30002111;10.0
30002512;30001345;10.0
10150005;30002811;10.0
30001124;30002811;10.0
12000012;30000812;10.0
30000424;30001032;10.0
30002612;30002711;20.0
30001353;30002611;10.0
36160010;30001021;10.0
30001622;30001012;10.0
4720001;30000543;10.0
30000914;30000411;10.0
30001147;10560001;30.0
30001222;30001032;10.0
30000514;30000432;10.0
30002112;36440001;10.0
30000511;37800006;10.0
30000511;37800007;10.0
30001351;other;300.0
30000122;26100032;10.0
30000432;30001216;10.0
30001131;other;100.0
30001223;30002611;10.0
other;30001141;20.0
30000413;30000542;10.0
30001141;30001124;20.0
36500001;36160002;60.0
other;30001146;20.0
30001035;30001146;10.0
30001035;30001147;10.0
30000862;30001345;10.0
30000114;other;640.0
30000824;30000912;10.0
30002612;30001032;20.0
30001035;30001141;10.0
36500001;36160007;10.0
other;30001142;10.0
36500001;36160008;20.0
other;30001143;10.0
30000824;30000915;10.0
30001353;other;90.0
30000932;30002411;20.0
26100024;other;250.0
30001141;30001114;10.0
30000864;other;180.0
37970007;26100037;30.0
37970007;26100034;20.0
30002211;30001345;10.0
30000932;30002412;10.0
30001314;30001114;10.0
30001643;30000811;10.0
37970007;26100038;10.0
37300001;30000924;10.0
26100031;30000511;20.0
30000934;30000811;10.0
30001013;30000914;20.0
30000513;36160003;10.0
30001147;30001622;10.0
30000821;30002311;10.0
30001141;30001147;10.0
30001141;30001146;30.0
30000412;30002411;10.0
30001013;other;310.0
other;30001124;10.0
12000034;30000543;10.0
30001123;30000812;10.0
12000012;30002111;10.0
30000932;30001114;10.0
30001212;30001313;10.0
other;30001123;10.0
other;30001121;10.0
36160002;30001345;10.0
30000424;30001114;10.0
26100031;37970007;10.0
12000014;30000511;10.0
30001211;30001013;10.0
26100031;37970009;20.0
30002811;30000924;10.0
26100031;37970008;10.0
30001042;other;120.0
26100036;12000034;10.0
30000836;30000848;10.0
30000934;30000848;10.0
30001143;30000848;10.0
30000934;30000841;10.0
30002613;30001345;10.0
12000022;30000511;20.0
30001141;30001134;10.0
7400001;36160007;10.0
30001344;30000811;10.0
30002212;30002412;30.0
30000848;30000411;10.0
30002212;30002411;20.0
30000123;30000924;10.0
30002612;30001021;20.0
30000824;30000924;10.0
30000123;30000923;10.0
36160008;30000848;10.0
30002311;other;360.0
30000422;30000934;40.0
36160002;30001336;10.0
10150002;30001013;10.0
36160002;30001337;10.0
30001015;30002412;20.0
4720001;10150006;30.0
30002711;30001213;10.0
30000433;30000531;20.0
30001632;other;650.0
30000931;30002112;10.0
12000015;other;120.0
30000836;30000853;10.0
30000931;30002111;10.0
36160007;30000543;10.0
30001121;30001141;20.0
26100016;12000033;10.0
37800008;30002811;10.0
30000523;30001352;10.0
30000848;30000821;10.0
30002211;30001313;10.0
30002211;30001312;10.0
30001634;other;360.0
30000434;30000812;10.0
30002512;30000511;10.0
26100034;30001337;10.0
other;7400001;10.0
30001624;36160004;10.0
30001121;30001146;10.0
37800002;30002811;10.0
30001622;30000543;10.0
30001121;30001134;10.0
30001355;other;30.0
30000511;30000512;10.0
30000422;37970007;10.0
36160008;30000821;10.0
10150002;37800005;30.0
30001336;30001624;10.0
12000013;other;140.0
other;26100012;20.0
30000924;30001034;60.0
30000924;30001035;20.0
30000924;30001032;30.0
30001211;30001023;10.0
30002512;37970009;10.0
36160005;other;350.0
30001223;30001345;10.0
30000112;other;350.0
30000934;30000853;10.0
30000135;30000932;10.0
30001216;30002412;10.0
30000848;30000848;10.0
30000413;30000523;10.0
30000914;30000824;10.0
37800006;37800007;10.0
37800006;37800006;10.0
30001146;30001334;10.0
30002311;37970009;10.0
30002311;37970008;10.0
30001221;30001622;10.0
other;26100032;30.0
26100027;other;270.0
30000522;other;160.0
36160009;11370001;10.0
30002512;30000533;10.0
30000864;30000533;20.0
30000531;30000542;10.0
10150006;4720001;10.0
30001321;30001345;10.0
36160007;other;130.0
30001321;30001341;10.0
36160009;36160001;10.0
36160009;36160002;10.0
30002612;30002312;10.0
30000413;30000511;20.0
30000914;30000812;10.0
30002812;other;300.0
30001624;30001146;30.0
36160005;30000822;10.0
30000521;other;190.0
30001212;30002611;10.0
other;26100034;10.0
26100026;other;500.0
30002211;30001322;20.0
30000924;30001016;10.0
30000832;30001034;20.0
30000853;30000923;30.0
30000832;30001032;10.0
30000853;30000924;30.0
30001022;30000915;10.0
30001121;30001114;10.0
30001115;30002512;10.0
30001337;30002811;20.0
12000012;other;200.0
30000824;30000511;20.0
30002412;30000412;10.0
30001211;30000543;10.0
36160004;other;250.0
26100033;26100035;10.0
30001044;other;40.0
10150005;30001023;10.0
26100033;26100033;10.0
10150005;30001021;20.0
26100033;26100032;20.0
30001124;30001141;20.0
30001142;30001012;20.0
30001342;30001631;10.0
30002411;30000111;10.0
26100033;26100036;10.0
12000013;12000022;10.0
30000111;other;40.0
30000433;30001015;20.0
30000122;30001114;10.0
30001011;30000864;10.0
30000831;30001641;10.0
30001644;30001147;10.0
other;36160002;70.0
30002511;26100032;10.0
other;36160007;130.0
other;36160008;140.0
30001214;37970009;10.0
other;36160009;20.0
30002212;30001146;10.0
other;36160003;20.0
10150005;30001011;10.0
other;36160005;10.0
12000013;12000015;20.0
30000421;30002411;20.0
30000421;30002412;10.0
30000123;30000543;20.0
30001013;30000511;20.0
other;11130001;20.0
37800006;30000511;50.0
30000864;30000543;10.0
26100021;other;270.0
30001041;10560001;20.0
30000812;30001021;10.0
30001133;10560001;30.0
30000812;30001023;20.0
30001221;30002511;10.0
30000853;30002212;10.0
10560001;other;20.0
12000014;30000912;10.0
30002411;30000135;10.0
30001313;30002512;10.0
36160003;other;270.0
30001355;30002711;10.0
30001352;30000533;10.0
30001042;30000924;10.0
36160008;30001313;10.0
30000511;30000923;10.0
30000511;30000924;20.0
37800005;36160006;10.0
37800005;36160007;10.0
30000841;30000125;10.0
37800005;36160004;30.0
30001333;30001222;10.0
30000523;30000853;10.0
30001142;30002312;10.0
36160002;37300004;10.0
30001352;30000543;10.0
12000013;12000033;10.0
30002412;30000864;10.0
30000514;30000914;10.0
30000511;30000934;10.0
30000511;30000933;10.0
30001622;30000924;10.0
10150002;36500001;10.0
26100036;26100032;10.0
30002512;30000912;20.0
30000123;30000116;10.0
30000523;30000426;10.0
30000434;30000411;10.0
30001122;37800006;10.0
12000016;other;80.0
36160002;30002612;10.0
12000033;12000014;20.0
30002613;30002613;10.0
30000832;other;200.0
26100022;other;580.0
30002613;30002612;10.0
30000835;other;40.0
30002613;30000432;20.0
30002613;30002611;10.0
30001343;30001032;10.0
30000531;30000931;10.0
30001625;30000923;10.0
30000531;30000934;10.0
30001034;30000863;10.0
30001031;30000842;10.0
other;30001114;10.0
30001334;12000026;10.0
30000523;30000432;10.0
30000411;30000847;10.0
30002512;30000924;20.0
30000411;30000848;10.0
30001634;30001312;10.0
30001215;30000847;10.0
10150002;30001032;10.0
30001215;30000841;10.0
30001042;30000914;10.0
30000422;30000915;10.0
30001012;30001124;10.0
30001012;30001121;10.0
30001043;other;230.0
30001212;30000812;10.0
30002111;30002513;10.0
36160002;other;400.0
30000511;30000915;10.0
30001631;30001345;10.0
36160007;30001011;10.0
30002512;30000932;10.0
30001034;30000853;20.0
other;30002411;10.0
30001321;other;130.0
other;30002412;40.0
26100032;30001215;10.0
30000826;30002411;10.0
30000116;other;240.0
30001221;30001221;20.0
30001015;30001134;10.0
30001142;30001034;10.0
30000433;30001032;10.0
30000434;30000433;10.0
30001142;30001032;10.0
30002311;30000914;20.0
30001313;30001222;10.0
30000411;30000853;20.0
30000826;30002412;10.0
30000864;30002312;10.0
30001631;30001351;10.0
30000834;other;160.0
30001034;30000848;10.0
30001012;30001147;10.0
10150005;30001032;10.0
30001335;30000915;10.0
30001123;30000841;10.0
30001012;30001146;10.0
36160007;36500001;10.0
30000433;30001021;10.0
30001322;other;10.0
30002411;30001034;10.0
30000424;26100031;10.0
10150006;30002611;10.0
12000022;other;350.0
30002613;30000915;10.0
10150002;10150002;10.0
30002311;30001023;10.0
30001041;other;130.0
30001141;30000832;10.0
30002613;30000912;10.0
12000012;30000511;10.0
30002613;30000914;10.0
30001132;30002611;10.0
30001143;30001032;20.0
30001214;37800005;10.0
30001115;30001021;20.0
30002611;30002513;10.0
37800007;11370001;20.0
30002811;30001354;10.0
30000542;30000511;10.0
30000853;30000411;10.0
other;30000846;30.0
30001146;30000821;10.0
30001313;30000511;10.0
30001041;30001221;10.0
other;30000848;20.0
30000522;30000841;10.0
30001215;other;370.0
30000434;30001021;20.0
30001023;30000811;10.0
37970003;other;350.0
36160001;other;160.0
10150006;30000864;10.0
10150002;30000932;10.0
30000121;30000934;10.0
30000812;30000543;10.0
30001632;30001624;10.0
37970007;30000832;10.0
30002112;30000543;20.0
30002613;30000923;10.0
30002613;30000924;20.0
30001115;30001013;20.0
37800002;11370001;20.0
7410001;30001013;10.0
30000834;30000811;10.0
30001015;30000934;40.0
30002811;30001345;20.0
30000523;30000912;10.0
10150006;30000854;10.0
other;30000854;10.0
30000434;30001015;40.0
other;30000853;30.0
30001146;30000812;10.0
30001625;other;410.0
30002111;30001345;10.0
30000924;30000821;10.0
30000811;30001354;10.0
30000432;30000822;10.0
7410001;other;140.0
10150006;30000853;10.0
26100037;26100022;10.0
30002112;30000511;20.0
30002112;30000512;10.0
30002513;other;80.0
37970009;30001023;10.0
11370001;30000932;10.0
30001141;30000854;10.0
37970009;30001022;10.0
26100037;26100026;10.0
30000512;other;60.0
26100032;26100037;10.0
30001143;30001013;10.0
30001143;30001012;10.0
30000541;30002612;10.0
30002112;12000014;10.0
26100032;26100038;10.0
30001143;30001011;10.0
26100032;26100036;40.0
30001643;30001345;20.0
37800004;30001215;10.0
other;30000824;10.0
30000915;30002611;10.0
other;30000826;10.0
26100032;26100033;20.0
26100032;26100034;20.0
30000915;30000432;10.0
30000864;30001021;20.0
26100032;26100031;10.0
26100032;26100032;10.0
37970002;30000832;10.0
37970008;other;150.0
30000112;30000511;10.0
30001321;30000842;10.0
30001632;30001634;10.0
37300001;other;160.0
30000854;30000924;10.0
30002612;30000848;10.0
30002112;30000522;10.0
30001144;30001114;20.0
26100037;26100015;10.0
30002111;30002212;10.0
26100037;26100014;10.0
30002612;30000853;10.0
30001115;30001034;10.0
30001354;30000841;10.0
30000914;30002511;10.0
30000824;30001216;10.0
other;30000841;10.0
30001021;30002411;10.0
36500001;30001322;10.0
30002811;30001322;10.0
30002112;12000021;10.0
30000831;30001021;10.0
12000043;other;350.0
30000136;30000136;10.0
36160005;30001321;10.0
30000915;30000423;10.0
36160008;30001146;10.0
30000915;30000421;10.0
30000513;30000432;10.0
30001344;30001222;10.0
30002312;30002412;10.0
30002312;30002411;10.0
30000858;30000842;10.0
30001623;30002512;10.0
30001011;10560001;20.0
30000915;30000426;20.0
30000433;30000924;30.0
37800005;30002611;10.0
30001142;30000924;10.0
30001213;30001345;20.0
30000433;30000923;20.0
30000424;30000923;30.0
30002513;30001345;10.0
30001034;30000116;10.0
30002811;30001313;10.0
30000432;other;750.0
30001114;30000923;10.0
30001641;other;550.0
30000924;30000853;20.0
30001353;30001215;10.0
30001353;30001213;10.0
12000025;37970007;10.0
30002612;30000832;10.0
36160006;10150006;10.0
30001014;30000848;10.0
30001142;30000912;10.0
11370001;30000521;10.0
36160006;10150004;10.0
30000424;30000934;10.0
other;30000421;10.0
36160006;10150003;10.0
36500001;30001345;10.0
10150006;30000811;10.0
30000821;30000924;10.0
30001114;30000914;10.0
30000513;30001345;10.0
30000424;30000932;10.0
30000864;30001032;10.0
30001222;30001336;10.0
30000924;30000862;10.0
30000915;30000848;20.0
30002711;30000821;10.0
37800008;36500001;20.0
30001121;other;170.0
30000132;other;360.0
30001312;30001344;10.0
30001213;30001321;10.0
36160006;other;140.0
30001144;30001147;10.0
10150002;30000914;20.0
30002211;30000924;10.0
30000432;30000411;20.0
30000824;30002512;20.0
11370001;10150004;10.0
11370001;10150001;10.0
12000015;30002111;10.0
30000542;30000932;20.0
30000523;30000924;10.0
30000847;other;10.0
other;30000864;10.0
11370001;10150005;10.0
12000012;12000033;10.0
30002711;30000854;10.0
30002711;30000853;10.0
10150006;30000842;10.0
30001144;30001146;10.0
30001011;30001041;10.0
10150006;30000841;10.0
30000411;other;250.0
other;37970010;10.0
30002211;30000915;10.0
30002211;30000914;10.0
10150002;30000924;20.0
30002811;30002613;10.0
30002811;30002612;10.0
26100026;12000031;10.0
30001124;30000121;10.0
11130001;30000511;10.0
30000424;30000915;10.0
30002811;30002611;10.0
30000848;30002111;10.0
30001313;30000521;10.0
10150006;30000832;10.0
other;37970009;10.0
other;37970007;30.0
30002511;30001146;20.0
30000924;30000846;10.0
30000924;30000848;20.0
30000423;30000425;10.0
30001132;30000836;10.0
30001122;30000821;10.0
30000432;30002612;10.0
30001011;other;120.0
30000432;30000433;10.0
30001622;30002412;10.0
4720001;30000433;10.0
30001032;30001221;10.0
30002112;other;1290.0
30001624;30000811;10.0
30001044;30001011;10.0
30000112;10150006;10.0
30001142;other;160.0
30000853;30000812;10.0
30000924;30000412;10.0
30000924;30000411;40.0
30000924;30000413;10.0
4720001;30000426;10.0
30000832;30001146;10.0
30000934;30000425;100.0
30001312;30000863;10.0
30000432;30002613;10.0
30000934;30000426;20.0
37300004;30002111;10.0
30001632;30001213;10.0
11130001;other;70.0
30000934;30000423;10.0
30000934;30000424;10.0
30000863;30001345;10.0
30000533;30001031;10.0
30000432;30000421;10.0
30000853;30000822;10.0
30000923;30001221;10.0
37970007;30000435;10.0
30000821;other;200.0
30000934;30000411;100.0
30000931;30002411;20.0
30000522;30000432;20.0
30000924;30000421;20.0
30000522;30000433;10.0
36480001;12000016;10.0
30000853;30000824;10.0
30000832;36500001;10.0
30000853;30000826;10.0
30000432;30000426;10.0
30001011;30001035;20.0
30000931;other;990.0
30000924;30000426;10.0
30001147;30001345;10.0
26100033;other;640.0
30002112;30000116;20.0
30000923;36160004;10.0
30001213;30002612;10.0
30001213;30002611;10.0
30000522;30000426;50.0
30000932;30001633;10.0
30001122;30000847;10.0
30002513;30000832;10.0
30000542;other;130.0
30002513;30000835;10.0
30000522;30000421;20.0
30001015;30000521;40.0
36160006;30000543;10.0
30000522;30000425;20.0
30001042;30001337;10.0
30000915;30000835;10.0
30000423;30000853;10.0
30000423;30000854;10.0
30001644;30000511;10.0
30001013;30002112;10.0
36160003;36160002;10.0
30000433;30000931;10.0
30002911;30000914;10.0
30002312;30002812;20.0
30000413;30000832;10.0
30000822;30002811;10.0
30002312;30002811;50.0
30000433;30000934;10.0
30001015;30000514;20.0
30000854;other;130.0
30001132;30000863;10.0
30000848;30001221;10.0
30001114;30000932;10.0
30000934;30000432;30.0
36160008;36160001;10.0
30000934;30000431;10.0
30001015;30000511;10.0
30001337;other;120.0
37800007;37800002;10.0
36160003;36160006;10.0
30001641;30001626;10.0
30001011;30001013;10.0
36160008;36160008;10.0
36160008;36160007;10.0
30000915;30000824;10.0
30002311;30000543;20.0
37800007;37800006;10.0
30002112;30000123;10.0
36160008;36160003;10.0
30000842;30001146;10.0
30000432;30001321;10.0
30001223;30000543;10.0
30001314;30001021;10.0
30001312;30000425;10.0
30001011;30000134;10.0
30002811;30000864;10.0
30002611;30001222;10.0
30000853;30000853;50.0
30001021;30001114;10.0
30000913;other;90.0
26100038;other;100.0
30000412;30002512;10.0
30000514;30000542;10.0
36160009;30002512;20.0
30000514;30000543;10.0
30001345;30001345;10.0
7800001;30001221;10.0
30001124;10150003;10.0
30000812;other;140.0
30001134;10560001;10.0
30000853;4720001;10.0
30002711;30002611;20.0
30002711;30002612;40.0
30000433;30000523;20.0
30001032;30002512;10.0
30002112;30001022;10.0
11370001;30000914;20.0
30002612;30002611;20.0
30001141;30001313;10.0
30000511;30002412;10.0
26100037;26100035;20.0
10150004;30002411;10.0
30002212;37800005;10.0
30001622;30001114;10.0
30002811;30000853;10.0
30002811;30000854;10.0
30001643;30001334;10.0
30000532;30000425;10.0
30000848;30001641;10.0
30001345;30001337;10.0
30001345;30001335;10.0
30001633;30001312;20.0
30001034;30001035;10.0
30002811;30000856;10.0
30001034;30001033;10.0
other;30000811;10.0
30002611;other;640.0
11370001;30000924;20.0
37970007;37970007;10.0
30000824;30002111;20.0
11370001;other;350.0
30001622;30001146;10.0
30001221;30000811;10.0
30001634;30000931;10.0
30001221;30000812;10.0
30001216;26100031;10.0
30000863;other;80.0
30001625;30002312;10.0
30001132;30000811;10.0
30002512;30001221;20.0
30001034;30001021;30.0
30000924;30000432;10.0
30001034;30001024;10.0
30002811;30000848;20.0
30001352;30001147;10.0
10150002;30000511;10.0
30000832;30002412;10.0
30001032;30001644;10.0
30001353;30001632;10.0
30000915;other;240.0
30000512;30000824;10.0
30000511;11130001;10.0
30002112;30001015;10.0
37970010;other;320.0
30002612;30000411;10.0
30001221;30000824;20.0
30001643;30001313;30.0
30002111;30000912;10.0
30000533;other;20.0
30002111;30000914;10.0
30000522;30000853;10.0
30001024;30001345;10.0
10560001;30001015;10.0
30001016;other;90.0
30001641;30002911;10.0
10560001;30001013;10.0
30001147;30002611;10.0
30002412;30001221;20.0
30002412;30001222;10.0
30000413;30000426;20.0
30001121;30001221;10.0
30000543;30000125;10.0
37300001;10150004;10.0
37800005;other;1060.0
30002512;30000832;10.0
37800004;36160004;10.0
other;30002112;30.0
30001133;30001023;10.0
26100036;30000511;10.0
other;30002111;30.0
30001216;30001222;10.0
30001633;30001345;10.0
30001313;other;190.0
30001032;30000412;10.0
30002811;30000824;10.0
30000422;30000821;10.0
30001337;30000912;10.0
7420001;other;70.0
30000543;30000134;10.0
30000824;other;340.0
30000934;other;410.0
36160002;37800005;20.0
30000543;30000136;10.0
10150005;36160009;10.0
10150005;36160007;10.0
30002811;30000811;10.0
30001643;30000934;10.0
30001222;other;250.0
30001134;37800005;10.0
30001221;30000842;10.0
30001034;other;820.0
10150005;36160002;10.0
30000543;37800007;10.0
30002211;30000134;10.0
12000022;12000034;10.0
30001144;other;430.0
12000022;12000033;10.0
30000121;30000124;10.0
30001213;30000864;10.0
30002111;30000812;10.0
30002711;30001313;10.0
30000135;30000853;10.0
30001351;30000511;10.0
30001625;30001021;10.0
30000824;30000811;10.0
30000824;30000812;10.0
30002111;30000824;10.0
37800007;30000511;40.0
36160002;30002312;10.0
30000434;30000511;10.0
30000864;10150006;10.0
30002711;30001345;30.0
30000433;30000421;10.0
30001213;30000835;10.0
30000932;30001222;10.0
30001123;30000924;20.0
7400001;other;100.0
30001114;30000533;10.0
37800002;37800004;20.0
30001633;30001334;10.0
37800002;37800006;10.0
30000931;30001147;10.0
30000533;30000924;10.0
30002111;30000832;10.0
30001213;30000848;10.0
30000135;30000841;10.0
37800006;30001345;40.0
30002111;30000834;10.0
30000531;30001322;10.0
30001034;30000915;20.0
26100035;12000041;10.0
30001312;30000821;10.0
30001034;30000914;10.0
30001216;30002512;10.0
30001343;30002411;20.0
30000543;30001016;10.0
30000434;30000934;90.0
30000826;30001032;10.0
30000434;30000932;20.0
30002111;30000847;10.0
30000116;37300001;10.0
30000434;30000931;30.0
30002111;30000848;30.0
30000812;30000914;10.0
30001213;30000812;10.0
30002111;30000841;10.0
30000912;30000531;10.0
30001032;30000856;10.0
37800002;30000511;20.0
30001312;30000812;10.0
36160010;other;100.0
30001122;30000853;10.0
30002212;30002312;20.0
30000543;30001021;10.0
30000434;30000924;30.0
30001212;30001624;10.0
30000836;30000511;10.0
30002513;30000923;10.0
30001012;30001641;10.0
30001013;30000832;10.0
30002212;30000136;10.0
30001032;30000848;20.0
30000912;30000542;10.0
30000925;30000511;10.0
30002111;30000853;10.0
30000912;30000543;10.0
4720001;30000914;10.0
30000433;30001321;10.0
30000531;30000426;50.0
30001134;30001013;10.0
30000135;30000812;10.0
30000531;30000425;20.0
30000543;30001034;20.0
30002612;30001337;10.0
30002612;30001336;10.0
30002212;26100013;10.0
30001146;30001213;10.0
30001142;30001314;10.0
30001031;30002512;10.0
30000523;30000124;10.0
36160002;30001032;10.0
26100016;37970002;10.0
26100035;12000022;10.0
30000924;30002211;10.0
12000022;12000041;10.0
30002613;30001021;10.0
30001032;30000832;10.0
30001013;30000824;10.0
30000934;30000521;30.0
30000912;30000512;10.0
36500001;30000848;10.0
30002513;30000914;10.0
26100022;26100021;10.0
30001032;other;660.0
4720001;30000924;40.0
30000531;30000421;40.0
37800006;30001312;10.0
30000934;30000523;20.0
30002612;30001345;10.0
30002111;12000011;10.0
30001641;30002511;10.0
30001011;30000521;10.0
30000932;30002512;10.0
30001336;30002611;10.0
30001114;other;40.0
30000435;other;40.0
37970009;30000511;20.0
30000512;30000426;10.0
30001334;other;160.0
30000512;30000425;20.0
30000531;30000433;20.0
30000934;30000514;50.0
30000531;30000432;10.0
36160002;36500001;10.0
30000512;30000423;10.0
30000934;30000512;10.0
30002111;12000022;10.0
30001337;30000511;10.0
other;30002512;10.0
30001336;30001312;10.0
30002211;30000543;20.0
30000426;30002411;10.0
10150005;30001146;10.0
30001345;30000854;10.0
30002613;37970007;10.0
37970003;30000511;10.0
30002613;37970003;10.0
30002411;30002412;10.0
30000836;30000543;10.0
30002411;30002411;20.0
30001146;30001633;20.0
30000542;30000914;10.0
30002613;30000511;40.0
30000512;30002613;10.0
30002613;30000513;10.0
30002613;30000514;10.0
37970003;37970007;20.0
30002111;12000032;10.0
30001043;10560001;20.0
30000543;30000531;10.0
30001014;30000924;10.0
30001134;30001022;10.0
30002212;30001023;10.0
30000824;30000864;10.0
30000541;30000842;10.0
30001147;other;370.0
37800007;30000924;10.0
30000812;30001353;10.0
10150001;10150002;10.0
30002212;30001021;30.0
12000025;other;120.0
30001352;10560001;10.0
30001042;30000836;10.0
37800008;other;710.0
30002312;30001146;10.0
30000122;30000133;10.0
30002112;30000912;10.0
30000824;30000411;10.0
30002112;30000915;10.0
36160002;30000533;10.0
30000533;30002711;10.0
30001335;30000824;10.0
30001624;30001215;10.0
30001335;30000826;10.0
36160002;30000531;10.0
30001644;30001032;20.0
11370001;36440001;10.0
10150001;other;260.0
30001217;30001335;10.0
12000013;30000541;10.0
30001643;other;990.0
30001034;30000924;60.0
11370001;30000426;10.0
7790001;30000924;10.0
30001344;30001625;10.0
30001624;30001222;10.0
12000041;12000022;10.0
30001335;30000832;10.0
10150005;30001115;10.0
10150005;30001114;10.0
12000016;37970007;20.0
30002112;30000924;50.0
30001124;30001013;10.0
36160002;30000521;10.0
30001124;30001012;10.0
30001034;30000923;10.0
30001114;30000134;10.0
30002411;30001114;10.0
30000421;30002512;10.0
30000125;other;30.0
30000433;30001345;10.0
30000826;other;90.0
30000521;30000847;10.0
30001351;37800005;10.0
30002613;30000543;10.0
26100033;37970008;10.0
26100033;37970009;10.0
30002812;30002812;20.0
30000923;30000846;10.0
30000923;30000848;10.0
26100033;37970007;10.0
30001034;30000511;20.0
30001644;other;310.0
30002911;other;360.0
30000824;30000832;10.0
other;30001221;10.0
30000834;30000842;10.0
30000824;30000836;10.0
36160005;30000511;10.0
30001345;30000812;10.0
30001123;30000511;10.0
10150006;other;310.0
30000424;30000521;20.0
2080001;other;160.0
30000424;30000523;20.0
30000434;30000531;20.0
30001143;30000543;10.0
36160010;10150006;10.0
30000123;30002411;10.0
other;30001217;10.0
36160010;10150004;10.0
30000116;30000421;10.0
30002312;30001115;10.0
26100012;other;750.0
30000842;other;120.0
30000864;30002412;10.0
30000512;30001322;10.0
26100015;other;380.0
30000912;30002311;10.0
30000912;30002312;10.0
30000923;30000853;20.0
10150003;other;190.0
30000923;30000857;10.0
30000123;other;270.0
30001013;30000432;10.0
30000824;30000821;10.0
30001115;10560001;10.0
30000434;30000523;20.0
30002611;30000824;20.0
37800002;36500001;10.0
30000434;30000522;10.0
30000116;30000413;10.0
30001337;30002711;10.0
30001043;30001345;10.0
30001122;30001336;10.0
30001114;30001035;10.0
30001132;30001345;10.0
30001114;30001034;10.0
30002611;26100026;10.0
30002211;30000522;10.0
30000824;30000853;30.0
30000933;30000431;10.0
30000523;30000521;10.0
30001643;30000924;10.0
30001011;30000912;10.0
30001141;30000811;10.0
30001345;30000832;10.0
30001221;30001345;10.0
30000824;30000858;10.0
30001011;30000914;10.0
36160010;30000847;10.0
37970008;30000432;10.0
30002611;30000832;20.0
30000811;30000834;10.0
30002411;36160002;10.0
36160008;30001633;10.0
30000932;36500001;10.0
30000934;30000924;20.0
10150001;30000824;10.0
30000521;30000812;10.0
30002412;other;200.0
12000026;30000511;10.0
4720001;other;370.0
30000933;30000426;10.0
26100014;other;570.0
36160007;30001146;10.0
30000856;30001032;10.0
11370001;30001314;10.0
30002111;30001321;20.0
30000934;30000915;10.0
30000824;30000841;10.0
30000541;30000863;10.0
30000824;30000842;30.0
30001624;30002511;10.0
30002211;30000511;20.0
30001345;30000824;10.0
30002512;30000824;10.0
other;30001212;10.0
30001624;30002512;10.0
30001352;26100033;10.0
30001624;30002513;10.0
30002512;30000826;10.0
30002613;37800005;10.0
other;30001211;10.0
36160005;30000543;10.0
30002611;26100016;10.0
30000824;30000848;40.0
30002211;30000513;10.0
30002611;30000846;10.0
30000934;30000913;10.0
30001344;30002512;20.0
30000934;30000911;20.0
37800005;30001217;10.0
30000934;30000912;40.0
10150005;other;440.0
37970008;12000041;10.0
30000925;30002311;10.0
30002511;30002513;10.0
30001213;30001023;10.0
30001213;30001021;10.0
30000521;30000431;10.0
37800005;30000511;20.0
30000824;30002411;10.0
30000824;30002412;10.0
12000013;30000924;10.0
30002711;30000915;10.0
30002711;30000914;10.0
30002111;30000121;40.0
30000134;other;550.0
30000853;30001622;10.0
30001146;10150006;10.0
30001015;30000826;10.0
30000412;30000811;10.0
30002512;30001121;10.0
36160006;30000846;10.0
30000411;30000511;20.0
30000832;30002512;50.0
30000532;30001021;10.0
30000832;30002511;10.0
12000034;7800001;10.0
30000923;30000412;10.0
30000812;30000423;10.0
30000923;30000413;10.0
30000521;30000421;10.0
30000531;other;120.0
30002811;30001222;10.0
30000914;30002411;20.0
30000426;30001032;10.0
30000923;30000411;40.0
12000032;12000025;10.0
30002611;30001313;10.0
36160009;30001335;10.0
26100036;other;190.0
30000543;10150003;10.0
30000931;30000511;10.0
12000032;12000021;10.0
30000931;30000514;10.0
30000411;30000521;10.0
30001124;other;140.0
30000413;other;200.0
30000543;10150006;10.0
30000931;30000512;30.0
30002111;30002312;20.0
30001312;30002512;10.0
30002911;30000853;10.0
30002111;30000136;20.0
36500001;37800005;10.0
30000521;30000425;10.0
30000521;30000426;50.0
36500001;37800002;10.0
30001334;30000842;10.0
4720001;30002111;10.0
30000923;30000423;10.0
30000923;30000425;80.0
4720001;30002112;30.0
30000923;30000426;130.0
30001644;30001313;10.0
30001631;30002512;10.0
36160009;30002212;10.0
30000932;30000824;10.0
30002811;30001212;10.0
30000934;30001015;10.0
30000542;30000858;10.0
26100021;30000853;10.0
10150002;30000832;10.0
30002711;30000924;10.0
30001345;37800005;10.0
30000822;30000912;10.0
30001213;30001011;10.0
10150004;30001023;10.0
30002611;30001336;10.0
30002611;30001337;10.0
30000923;30000431;10.0
30000932;30000812;10.0
30001322;30000824;10.0
30000923;30002611;10.0
30000923;30000432;50.0
30000932;30000811;10.0
30002513;30000543;10.0
30000915;30000543;10.0
26100034;12000013;30.0
30001624;30000543;20.0
30000411;30000543;20.0
30001314;30000924;10.0
30000826;30000824;10.0
36500001;other;290.0
30002212;30000914;10.0
30002212;30000915;10.0
30000134;30000914;10.0
30001314;other;30.0
30001115;30001345;10.0
30002513;1270001;10.0
30001625;30002811;10.0
26100012;26100037;10.0
37800007;36500001;10.0
2080001;36500001;10.0
30001124;30001345;10.0
30001354;30000533;10.0
10150005;30001345;10.0
30000853;30002512;30.0
30000412;30000853;10.0
30000914;30001134;10.0
30000931;30000543;10.0
30002212;30000924;10.0
30001034;30002411;20.0
30000826;30000853;10.0
30001035;other;300.0
30001143;30001114;10.0
30000432;30000514;10.0
30002312;30000543;10.0
37800007;36160004;20.0
12000014;30002111;10.0
26100012;26100031;10.0
26100012;26100034;10.0
30000831;30001321;10.0
30001335;other;60.0
26100031;26100034;10.0
26100031;26100035;10.0
30002112;30001313;10.0
26100031;26100037;20.0
36160009;36500001;10.0
26100031;26100038;10.0
30002111;30001021;30.0
37800005;30000543;10.0
30001337;30001351;10.0
other;30000543;40.0
30001217;other;70.0
12000033;other;200.0
30000863;30001021;10.0
30000812;30001312;10.0
1270001;30000116;10.0
30000934;30001021;10.0
30000542;30000848;10.0
10150006;10150002;10.0
30000116;30000135;10.0
30001217;30001146;10.0
10150006;10150004;20.0
10150006;10150003;10.0
36160010;10560001;10.0
30000116;30000134;10.0
30001144;30001012;10.0
30001144;30001011;10.0
26100031;26100032;10.0
30001144;30001013;10.0
30002112;30000432;20.0
36160002;10150004;10.0
30002111;30001032;20.0
30000432;30000531;20.0
30000122;30000924;10.0
30002812;30001345;20.0
30000122;30000923;10.0
30000914;30001114;10.0
other;30000511;160.0
12000033;30000848;10.0
10150005;30001321;10.0
30000812;30001342;10.0
30002611;30002612;10.0
30002611;30002613;10.0
30000923;30001312;10.0
30000412;30000832;10.0
30002611;30002611;10.0
30000931;30000521;50.0
30000931;30000522;20.0
30000915;30000511;20.0
30001624;30000511;10.0
30000434;30001122;10.0
36440001;30001032;10.0
30001035;30000914;30.0
26100012;26100014;10.0
30001144;30001024;10.0
30000422;30001141;10.0
30000511;30002112;10.0
30001626;30000914;10.0
37300003;30000832;10.0
30000432;30000522;10.0
30002111;30001043;10.0
30001044;30000914;10.0
30002911;30000836;10.0
30001123;10560001;10.0
30000114;30002111;10.0
30001354;30000521;10.0
other;30000522;10.0
30002811;30001641;10.0
36160002;36160008;10.0
30000848;30001144;10.0
36160002;36160003;10.0
37970009;26100032;10.0
30000931;30000533;10.0
30000931;30000531;10.0
30001345;30000543;10.0
37970009;26100034;10.0
30001035;30000924;20.0
36160008;30002312;10.0
30002511;other;200.0
10150003;36160002;10.0
30000432;30000523;10.0
30001626;30000912;10.0
26100031;other;560.0
30001121;30000821;10.0
30001144;30001035;10.0
12000021;37970003;10.0
30001031;other;190.0
30002112;30001345;20.0
37800007;10150005;10.0
30001011;30001146;10.0
30000515;30000512;10.0
30001015;30000426;20.0
30002613;other;790.0
30001015;30000425;40.0
30000412;30000412;10.0
36160009;30000413;10.0
30001336;other;140.0
26100037;12000026;10.0
30000934;30000543;10.0
30001345;30001024;10.0
30001633;30001622;10.0
30001343;other;170.0
30001032;30001345;10.0
30000915;30000934;10.0
30000915;30000932;10.0
30002711;30000511;10.0
30001141;30000543;20.0
36160004;30002612;10.0
10150005;30000848;10.0
10150005;30000847;10.0
30000432;30000543;50.0
30000432;30000541;10.0
30001212;30001141;10.0
30001034;30001114;30.0
30001624;30000924;10.0
30000931;30000114;10.0
30000934;30000532;10.0
30000911;other;70.0
30001015;30000411;20.0
30001622;other;780.0
30000915;30000924;10.0
30001632;30001345;20.0
30000853;other;220.0
30000812;30000853;20.0
36480001;other;10.0
30001622;30001222;30.0
30000511;30001216;10.0
30001216;30002613;10.0
30000812;30000856;10.0
12000011;12000022;10.0
30001023;other;40.0
30000932;30000423;20.0
30000923;30001352;10.0
30000932;30000421;20.0
12000034;30001114;10.0
30000435;30000531;10.0
30000932;30000426;90.0
30001121;37970008;10.0
30000932;30000425;60.0
7800001;30002611;10.0
26100031;30001114;20.0
30001032;30001321;10.0
30002711;30002711;10.0
30001042;30001212;10.0
10150002;30002612;10.0
30000514;30002411;10.0
30002412;30001032;10.0
30001622;30001215;20.0
30002612;other;250.0
30001013;30001144;10.0
30000912;other;130.0
30000932;30000411;40.0
30000435;30000543;10.0
36500001;30000511;10.0
30001343;30000848;10.0
30002212;30000511;60.0
30001322;30000422;10.0
30001223;30002412;20.0
30001625;30002412;10.0
30000121;30001021;10.0
10150004;30000123;10.0
30001221;30000914;10.0
30000932;30000841;10.0
30002611;30001342;10.0
30001221;30000912;10.0
30001123;other;180.0
30000542;30002611;10.0
30000858;other;50.0
30000542;30002612;20.0
30002611;30001345;20.0
36500001;30000543;20.0
other;30000924;40.0
26100034;12000026;10.0
30002211;30001032;10.0
30000932;30000848;20.0
30002212;30000523;10.0
26100035;other;170.0
30001147;30000116;10.0
30001132;30000924;30.0
30000423;30000924;10.0
30001221;30000924;40.0
30000824;30001114;20.0
30000134;30001345;20.0
30002611;30001354;10.0
12000015;30000923;10.0
30002611;30001353;10.0
30001216;30000841;10.0
37970007;30000511;30.0
30000422;30002411;10.0
30002211;30001021;10.0
30000532;30000543;10.0
30001123;30001035;10.0
30001344;other;140.0
30000812;30000413;10.0
30002311;30002411;10.0
30000822;30000543;20.0
30000124;30002412;10.0
36160004;30000848;10.0
30000124;30002411;10.0
30001034;30001147;10.0
30001221;30000934;10.0
30000412;30000431;10.0
30002513;30000511;20.0
30001314;30002212;10.0
30001031;30001021;10.0
30000532;30000511;10.0
30002212;30000543;30.0
30001123;30001021;10.0
30001034;30001146;20.0
30000532;other;20.0
30000912;30000914;10.0
30000857;other;10.0
30001034;30001143;10.0
30001633;30001643;10.0
30001022;other;30.0
30002112;30002211;20.0
26100037;12000041;10.0
30000122;30000511;10.0
30000134;30002211;10.0
30001623;other;220.0
30000824;30001132;10.0
30002611;1270001;10.0
30000932;30000853;30.0
26100037;other;560.0
30001012;30000854;10.0
30001342;30002212;10.0
30000412;30000425;10.0
30001031;30001032;10.0
30000412;30000426;20.0
other;30000915;10.0
30001123;30001011;10.0
30000912;30000923;10.0
30001121;7800001;10.0
30000811;other;120.0
26100037;12000031;10.0
37970009;12000015;10.0
30000426;30000515;10.0
30001641;30001334;10.0
30000863;30000543;10.0
30000426;30000511;10.0
30001041;7800001;10.0
30000826;30001351;10.0
26100014;30001114;10.0
30001216;30001345;10.0
30002111;30000924;30.0
36160002;30002411;10.0
36160002;30002412;40.0
30001015;30001351;10.0
30001633;30001221;10.0
2080001;30000543;10.0
30000826;30001345;10.0
30002613;30002411;10.0
30002311;30002911;10.0
30000931;30001032;20.0
30002613;30002412;10.0
37970009;12000026;10.0
30002512;other;70.0
30000932;30001321;20.0
30000523;30002412;10.0
30000136;30000914;10.0
30001144;30000924;20.0
30001016;30002512;10.0
30000856;other;70.0
4720001;30000832;10.0
30000531;30002513;20.0
30001217;30001624;10.0
30000523;36440001;10.0
30001217;30001625;10.0
30001625;30001147;10.0
30001115;30000511;10.0
37970009;12000034;10.0
30001216;other;260.0
30001144;30000934;10.0
37970009;12000031;10.0
11130001;30001132;10.0
30000435;30000931;10.0
30000542;30002111;10.0
26100026;26100034;10.0
30001032;30000511;10.0
30002611;30000914;30.0
30002412;26100038;10.0
26100026;26100037;10.0
30000435;30000934;10.0
30002611;30000915;10.0
30000931;30001012;10.0
30000864;30002911;10.0
4720001;30000848;10.0
30001641;30001344;10.0
30002212;30001321;10.0
30000932;30001345;20.0
30002212;30001322;10.0
30000914;10150002;10.0
30001031;30001114;10.0
26100026;26100022;10.0
30002611;30000924;50.0
26100026;26100026;10.0
12000026;12000043;10.0
30000422;4720001;10.0
37970009;other;440.0
12000026;12000041;10.0
26100023;12000012;10.0
30000931;30001023;20.0
30000931;30001021;20.0
30002613;26100033;10.0
30002412;30001147;10.0
10150005;30000811;10.0
30001223;4720001;10.0
30000854;30001034;10.0
30001221;30000511;10.0
30001336;30000543;10.0
30000412;other;170.0
30001222;30000811;10.0
30001133;30001345;10.0
30000533;30000836;10.0
30002212;30001335;10.0
30002212;30001337;10.0
30001337;30000835;10.0
30001112;30001021;20.0
30000512;30000514;10.0
30002613;30001123;10.0
30001342;37800006;10.0
30001023;30001035;10.0
30000515;30000543;10.0
30000822;30002311;10.0
30002212;30001345;50.0
36160005;36160008;10.0
30000932;30000432;50.0
36160005;36160009;10.0
10150004;30000511;20.0
30000912;30000425;20.0
30000135;other;350.0
36160005;36160006;10.0
30000134;30000413;10.0
30001112;30001032;10.0
30000912;30000421;10.0
26100032;37970009;50.0
26100032;37970008;20.0
12000043;12000015;10.0
26100032;37970007;40.0
10150004;30000543;10.0
30001641;30001313;20.0
30001042;30001131;10.0
30001641;30001312;20.0
36160009;30000511;30.0
12000034;other;480.0
36160003;30000543;10.0
30002613;30001146;10.0
26100034;30001114;10.0
30002711;26100015;10.0
30002613;26100016;10.0
30000848;10150002;10.0
30001042;30001142;10.0
30002612;30001221;10.0
30000133;other;410.0
30000848;10150006;10.0
30002412;30001114;10.0
30000515;30000522;10.0
30002111;37970007;10.0
30002212;30002211;40.0
36160010;30002513;10.0
30002211;30002412;10.0
30001221;30000543;20.0
30000421;30000812;10.0
30001015;30000432;40.0
30000113;30000136;10.0
30001014;30001031;10.0
30002111;30000511;90.0
4720001;30000811;10.0
30000113;30000134;10.0
30000122;30001322;10.0
30001213;30000924;10.0
30001042;30001147;10.0
26100024;30000924;10.0
30001632;30000924;10.0
30002513;30001021;30.0
30000835;30000811;10.0
12000032;other;170.0
30000923;30000924;20.0
30000513;30000848;10.0
12000033;30000426;10.0
30001032;30000932;10.0
30001222;30000858;10.0
10150005;30002111;10.0
26100012;30000511;10.0
7800001;other;100.0
30002613;30002811;100.0
30002111;30000521;10.0
30000832;30000853;10.0
30001321;30002412;10.0
30000832;30000846;10.0
30001134;30001147;10.0
other;30001313;10.0
30001132;30001014;10.0
30000114;30000848;10.0
30000914;30001044;10.0
30000822;30001021;10.0
30002513;30001016;10.0
12000033;30000412;10.0
30000136;30000511;10.0
36160008;30002412;10.0
30001222;30000842;10.0
36440001;30002411;10.0
30002511;30002211;10.0
30002111;30000533;10.0
30000832;30000841;10.0
30002412;12000021;10.0
30002312;30001023;10.0
30001032;30000924;30.0
30000134;30000856;10.0
30002911;30002512;10.0
30001032;30000923;10.0
12000041;37970007;10.0
30000857;30000522;10.0
36160005;10150004;10.0
30001631;30001146;10.0
36160008;10150004;10.0
other;30002612;10.0
30000824;30001624;10.0
30000834;30000543;10.0
30000914;30001034;10.0
30002611;30000511;10.0
30000914;30001035;10.0
30000133;30000543;10.0
30002611;30000514;10.0
30000421;30001314;10.0
30002411;30001222;10.0
30001352;30001624;10.0
30000424;30000421;10.0
30001132;30001023;10.0
30000864;30002512;10.0
36160002;12000032;10.0
30002111;30000543;20.0
30001032;30000915;10.0
30001337;30000856;10.0
30001032;30000914;20.0
30002611;37970009;10.0
12000031;other;10.0
30002611;37970007;10.0
30001032;30000911;10.0
30000931;10150005;10.0
30000932;7790001;10.0
30001337;30000841;10.0
30001624;30001345;10.0
30002312;30001041;10.0
30001142;30001221;20.0
30001342;30000511;10.0
30000424;30000432;10.0
26100012;37970009;10.0
other;30000435;10.0
37800002;1270001;10.0
30000122;30002211;10.0
30001211;other;100.0
30001141;30000914;10.0
10150004;30000924;20.0
30001624;30001312;10.0
other;30001345;30.0
30001634;30002411;10.0
30000857;30000543;10.0
12000026;12000034;10.0
30001354;30001345;10.0
30002211;12000012;10.0
30000432;30000915;10.0
30000134;30000824;10.0
30000832;30000812;10.0
30000432;30000912;10.0
30000413;30002513;10.0
30000857;30000533;10.0
30002811;30001144;10.0
30001644;30001345;10.0
37800005;30001352;10.0
other;other;5240.0
30000125;30002211;10.0
7800001;30000914;10.0
30001345;30000924;10.0
30000533;30000425;10.0
30001211;30002512;10.0
30002811;30001146;10.0
30000421;30000432;10.0
30000421;30002612;10.0
30000424;30000411;10.0
12000026;12000026;10.0
30001214;other;80.0
30002211;12000021;10.0
30000113;30000511;10.0
30002312;30002312;10.0
30000134;30000811;10.0
30002511;30001321;10.0
30001217;30002512;10.0
30001342;4720001;10.0
30000134;30000812;10.0
30001033;30001213;10.0
30001622;30002911;10.0
37800002;30001342;10.0
30000423;30000135;10.0
37800005;30001345;50.0
30000541;30000511;10.0
37800006;11370001;20.0
30000421;30000425;10.0
other;30001321;10.0
30000826;30001322;10.0
30001213;other;190.0
30002411;30002112;10.0
12000026;12000013;10.0
30001313;30002312;10.0
30000432;30000932;10.0
30000134;30000846;10.0
other;37300004;10.0
other;37300002;40.0
30000432;30000934;60.0
30000923;30000511;10.0
30000923;30000512;10.0
30002811;30001122;10.0
30002112;30000846;10.0
30002513;30001032;20.0
30001212;other;320.0
30001114;30001143;10.0
30002112;30000848;20.0
30001141;30000923;10.0
30001114;30001147;10.0
30001141;30000924;40.0
30000421;30000411;20.0
30001214;30002511;10.0
37800006;30002911;10.0
36440001;other;90.0
30002111;30000114;10.0
30000134;30000832;10.0
30002111;30000116;20.0
30000116;30000514;10.0
30001133;1270001;10.0
30000432;30000924;30.0
30000116;30000511;10.0
30000432;30000923;30.0
30000864;30001215;10.0
